id,applies_to_nation_input,applies_to_nation_output,reason
01c3b469-790a-4108-b1f7-4fe31446d275,true,true,"The document pertains to a teacher in Lincolnshire and references regulations specific to England (The Teachers’ Disciplinary (England) Regulations 2012), indicating it applies to England."
0079785b-6034-4194-9e96-bae766909140,true,true,"This document pertains to an environmental permit issued by the Environment Agency, which operates in England. Therefore, it applies to England."
0148c09d-ab20-4695-b141-746901218814,true,true,"This document contains financial information regarding fire and rescue authorities in England, which is pertinent to the operations and funding of local fire services in the nation."
0202dcd1-328f-4a59-b40c-4ea258fb467a,true,true,"This document pertains to housing matters regulated by the Housing Ombudsman, which operates in England. Therefore, the findings against Sovereign Housing Association, a provider based in England, apply specifically to this nation."
031ff4b5-d024-4977-8897-a1e74f63cc14,true,true,"This document specifically addresses local government issues in Thurrock, which is located in England. Therefore, it applies to England as it involves actions taken under English local government legislation."
028f6aa5-5458-4a94-a132-4bf270b4a89e,true,true,"This document applies to England as it pertains to an environmental permit application regulated by the Environment Agency under the Environmental Permitting (England and Wales) Regulations 2016. The location of the facility in Frome, Somerset confirms its relevance to England."
020c3985-a017-4ae2-8930-7403eaf15382,false,true,"This document applies to England as it outlines fees and regulations pertaining to veterinary medicines and marketing authorisations regulated under UK law, specifically the Veterinary Medicines Regulations (VMR), which are applicable in England."
03a4398f-bdd9-4361-b9b0-4defd05f8f0f,true,true,"This document applies to England as it discusses the civil justice system specifically related to county courts and judicial reviews processed in England and Wales. Key components such as county court civil cases, judicial reviews, and privacy injunctions are outlined in the context of the legal framework operating within England."
0037b442-e04e-4cae-a69b-166c49c39ce6,true,true,"This document provides guidelines for the NHS Abdominal Aortic Aneurysm Screening Programme, which is an initiative that operates within the National Health Service in England. Therefore, it specifically applies to England as it outlines the training, competency, and quality assurance processes for screening technicians working within this public health program."
0242af8e-dfb1-470a-839d-98b8d4f13fa3,true,true,"This document pertains to an environmental permit application regulated under the Environmental Permitting (England and Wales) Regulations 2016, indicating it is applicable to England."
02cdc0b9-ca20-4ac3-8d24-8eb8b8d9b75d,true,true,"This document applies to England as it references the Criminal Procedure Rules, which are used in the English legal system for criminal investigations, including those involving national security."
0281ca1c-fa4e-4f70-901e-1542a721011f,true,true,"This document specifically pertains to careers guidance within England's education system, particularly focusing on special schools and independent specialist colleges. The Department for Education (DfE) operates in England, thereby indicating that this review is relevant to educational settings and practices in England."
02f5266e-016d-46e2-b8d1-f99c39827007,true,true,"The document specifically addresses domestic abuse in England and Wales, indicating that it is relevant to both nations. The mention of 'Wales' confirms that it applies to England as well, as the overview provides a perspective on the issue within these jurisdictions."
011cc4d2-375e-4a4d-a618-b4612c185546,true,true,"This document pertains to an environmental permit surrender issued by the Environment Agency, which regulates environmental matters in England. Therefore, it applies specifically to England."
00e63766-c6d8-403c-9fb4-30ae07f24b5d,true,true,"The document pertains to an environmental permit application under the Environmental Permitting (England and Wales) Regulations 2016, specifically for a location in Swindon, Wiltshire, which is in England."
04c6fe99-5c80-40d8-b3ae-0aa88d138285,true,true,"The Freedom of Information Act 2000 applies to public authorities in England, making it relevant for the Pubs Code Adjudicator's responses regarding information requests."
01208b82-254a-4157-968f-5f6b15090098,true,true,"This document provides detailed statistics and analysis on safety in custody, specifically addressing issues such as deaths, self-harm, and assaults within the prison system in England and Wales. Therefore, it applies directly to England as it includes relevant data and insights for the English prison system."
04052be0-6899-4c9c-b779-d2b80753c138,true,true,"This document pertains to an environmental permit application by Wessex Water Services Limited, which operates within England. The Environment Agency, responsible for regulating environmental permits in England, is the governing body involved in the consultation and decision-making process outlined in the document."
0334afc2-fb26-439c-a28d-99030cc57009,true,true,"This document pertains to an environmental permit application processed by the Environment Agency, which operates in England. Therefore, it applies specifically to England."
022bf757-7192-4ac2-8f8a-207999d3ffbe,true,true,"This document specifically pertains to an environmental permit application governed by the Environmental Permitting (England and Wales) Regulations 2016. The address listed is in Solihull, which is located in England, thus confirming its applicability to England."
009fa876-4cd0-40cd-b3cd-2023460e11b1,true,true,"This document pertains to the Teachers' Pension Scheme, which is relevant to England's education system and the Department for Education (DfE) policies, thus applying specifically to England."
01297400-f487-435c-8629-1059ac44160d,true,true,"This document pertains to an environmental permit issued by the Environment Agency, which regulates environmental matters in England, specifically for an installation located in Leicester, thus applying to England."
02032c11-748a-4c2a-a788-6d5123bf5eee,true,false,"The document specifically pertains to Northern Ireland legislation and does not apply to England, Wales, or Scotland. It relates to the Police and Criminal Evidence Order and associated regulations specifically for Northern Ireland."
0130bf8f-33b5-4470-87a7-0ab42bc0a4e0,true,true,"The report discusses issues related to Youth Justice Services (YJS) in the UK, which include systems applicable to England, particularly given references to court hearings and public disorder. Similar frameworks exist in other UK nations, but this specific analysis focuses on the context and challenges faced in England."
03975f98-b98c-43a9-8c6b-889405df27ce,true,true,"The NHS Pension Scheme is a UK-wide programme, but the specific report refers to arrangements managed in England. Given that the NHS primarily operates under the Health and Care Act 2022 in England, the details are relevant to England in particular."
01f74b39-903d-4896-b057-d1ff01353827,true,true,"This document relates to financial statements for HM Land Registry, which operates under UK government regulations and provides statutory services such as land registration primarily in England. Therefore, it specifically applies to England."
0080275c-3110-4328-83f5-d23cc3d674f6,false,false,"The document specifically focuses on the further education sector in Northern Ireland, thus it does not apply to England."
0394319c-f5e5-4938-8147-280c93f68b3c,true,true,"The document relates to healthcare governance and the activities of the National Data Guardian, which directly applies to health policies and practices in England, as the National Data Guardian operates within the framework established by the NHS in England."
00268e48-c55b-49e2-8475-6d76c94197db,true,true,"This document pertains to an environmental permit application by the Environment Agency, which has jurisdiction over activities in England, thus it applies to England."
02d81b03-aed7-4050-8062-bd3feb09a02e,true,true,"This document provides information about Patau's syndrome, which is relevant to health care and prenatal screenings commonly conducted in England. The references to NHS services and counseling specifically indicate its applicability to England."
043c6788-e423-4869-83d7-a0571ff59824,false,false,"This document specifically pertains to Universal Credit statistics for Northern Ireland, and does not cover information or data relevant to England."
01866245-090b-4096-8067-d65e29e9c2fb,true,true,"This document is relevant to England as it pertains to the Environment Agency's consultation process for environmental permit applications, which is a function of the UK government that operates within England."
04e4bdd8-000b-4025-a0be-b3c5e1984601,true,true,"This document pertains to Integrated Urgent Care services, which are specific to the NHS system in England. Therefore, the statistics and data collection detailed apply specifically to England."
02bcbdcf-3745-43a1-ad8b-d5bd19f5b7eb,true,true,"This document pertains to a water abstraction and impoundment application regulated by the Environment Agency, which operates in England. Therefore, it specifically applies to England."
025421b1-1426-4012-8249-6702135e5f92,true,true,"This document applies to England as it is specifically focused on the activities and responsibilities of Ofqual, the qualifications and assessments regulator for England, outlining regulatory processes, compliance, and educational assessments relevant to the country."
03af7aa9-1746-4aba-8527-9579f3741681,true,true,"This document outlines regulations specifically related to parallel imports in the context of the UK's adaptation of the Falsified Medicines Directive (FMD), which applies within England. The implications for licensing and safety features discussed are relevant to England's pharmaceutical regulations."
049503c6-4fd0-46bc-a7f4-c5040a9e65b0,true,true,"The document pertains to tenant satisfaction measures and housing regulations which are relevant to England, as these measures are specifically mandated for registered landlords operating within this jurisdiction."
04c4f309-49b2-4785-864c-944ca1dc113e,true,true,"This document pertains to an environmental permit application submitted to the Environment Agency, which is responsible for regulating environmental permits in England. The location of the facility, Silverdale Sewage Pumping Station, is situated in Newcastle Under Lyme, which is in England, hence the applicability to England."
03b8be02-8ebe-46b1-b483-dc82ac818b43,true,true,"This document pertains to the Affordable Homes Programme and other housing-related guidelines which apply specifically to England's housing policy framework. Homes England, as an agency, is responsible for funding and promoting affordable housing developments in England."
0179a59c-b447-4c3f-8177-4ec0cfabd2d8,false,false,"This document pertains specifically to employment vacancies notified to the Department for Communities (DfC) in Northern Ireland, and therefore does not apply to England."
023c9a3e-87da-4475-b98d-32626050bd8a,true,true,"The document pertains to energy efficiency measures that are implemented under UK-wide schemes, specifically the Energy Company Obligation (ECO) and the Green Deal, which apply to England among other nations."
02c9d98d-9687-4cb1-a8dc-e3bf2372d35a,true,true,"The document specifically outlines the review of Arts Council England, which is an organization responsible for promoting and developing arts and culture in England. Thus, its terms of reference directly pertain to England's arts sector."
0008d794-dc56-4d47-a239-cb24597c16d3,true,true,"This document pertains to a new environmental permit application under the Environmental Permitting (England and Wales) Regulations 2016, specifically mentioning the Environment Agency, which operates in England and Wales. Therefore, it applies to England."
004b85bc-9237-47cc-8fd4-a188abc24d0e,true,true,"This document applies to England as it pertains to the Environment Agency's regulatory framework, which oversees environmental permits in England. The environmental permit application process described is aligned with English legislation and the operations of the Environment Agency."
01f9f870-257b-47c9-9cef-9d5db488cb0a,true,true,"This document applies to England as it pertains specifically to the Frontline Digitisation Programme, which is part of the NHS infrastructure and health care system, governed by initiatives and regulations that are relevant only within the context of England's health service framework."
0454a079-197d-41a5-85aa-6097c5a29457,true,true,"The document specifically discusses the water situation in north-west England, which includes regions such as Cumbria, Lancashire, Greater Manchester, Merseyside, and Cheshire. Therefore, it directly applies to England."
049a8878-ffd9-42df-9486-87cd863834e9,true,true,"This document concerns an environmental permit application regulated under the Environmental Permitting (England and Wales) Regulations, specifically noting that it is processed by the Environment Agency, which operates in England. The reference to the location and relevant regulations confirms its applicability to England."
034107af-a159-48ad-8259-e99b2e20423b,true,true,"This document discusses the NHS bowel cancer screening process, which is specifically applicable to England as the NHS operates primarily within the English healthcare system and the guidelines mentioned are relevant to screening practices in England."
04e4cf6e-97c8-44d5-ba95-b74c8bfe2f66,true,true,"This document pertains to a charity registered in England, indicating that its inquiry results are relevant to England's regulatory framework for charities."
030bf4be-9049-41fb-91e0-6a4fe4d4a6b3,true,true,"This privacy notice relates to the Index of Exempted Dogs, which operates under the Dangerous Dogs Act 1991 and related legislation specific to England and includes roles of Defra, the government department responsible for animal welfare in England. Therefore, it applies to England."
025da249-7afe-4f4e-a86e-c5cbd94d9419,true,true,"This document concerns an environmental permit application issued by the Environment Agency, which operates in England. Therefore, it specifically applies to England as it relates to public consultation and regulations concerning waste and environmental management within English jurisdiction."
01d508d6-1be3-436b-892a-f0d94909c4b6,true,true,"The document focuses on retail sales data, which is relevant to the economic analysis and statistical reporting for England as part of Great Britain. As such, it applies to England in conjunction with the broader context of retail trends across the UK."
00285219-b435-4980-99a3-71f289040ca1,true,true,"This document applies to England as it discusses the regulatory framework for apprenticeship assessments, which is specific to English legislation and governance surrounding vocational training and skills development."
0080b2db-6e7e-4ed3-b484-8955375d2753,false,false,This document specifically pertains to anti-social behaviour incidents in Northern Ireland and does not apply to England.
0009e269-32f5-4470-b3cb-5b3d00153984,true,true,"This document specifically refers to HIV testing conducted in community settings within England, indicating its exclusive relevance to English health policy and practices."
02e6fa5b-04da-4905-a973-64cf73576e5f,true,true,"This document pertains to an environmental permit issued by the Environment Agency for an installation located in Lowestoft, which is in England. Therefore, it applies to England."
021eb4a2-dcbc-480b-8e80-bf593cf8113f,true,true,"This document pertains to Affinity Water Limited's application to abstract water in specific locations in Hertfordshire and Middlesex, which are within England. Consequently, it is applicable to England as it involves actions governed by the Environment Agency under UK water resources legislation."
00127d99-0f39-496d-b344-e323c8802654,true,true,"The document specifically references deaths registered in England and Wales, indicating its applicability to England."
042d6f36-8917-4f58-8fe4-9f936b564a75,true,true,"This document specifically pertains to a teacher's misconduct panel outcome relating to an educator based in West Sussex, which is located in England. The regulations cited are applicable only within the context of England."
0267e6d7-c046-4406-a27e-793fd9669c45,true,true,"The document pertains to the Safety of Women at Night Fund, which was specifically implemented and evaluated in England and Wales. Given that it involves government policy and funding initiatives directly impacting public safety and local governance in England, it is relevant to that nation."
00edcc02-1351-44a6-9de3-ef65f5afad07,true,true,"The guide and tool discussed in the document are specifically designed for local authorities in England to assess homelessness risk, as indicated throughout the text referencing responsibilities and legislation under English law, particularly the Housing Act 1996."
037707b3-888e-4d23-a645-bbf905afa599,true,true,"This document applies to England as it pertains to Unity Housing Association Limited, which operates in the Yorkshire and Humberside region. The regulatory framework, standards, and assessments discussed are applicable to housing associations in England."
006a2e0d-cebf-4666-8726-850c86415ef2,true,true,"This document applies to England as it pertains to an environmental permit issued by the Environment Agency, which is the regulatory body overseeing environmental permits in England. The installation location specified in Birmingham is also within England."
006e108d-7897-40e7-b47f-e0b72b44d8b2,true,true,"This review specifically mentions a focus on the statutory framework governing protest and hate crime in England and Wales, indicating that its findings will directly apply to these locales within the UK."
04c35a74-c120-49c5-a09e-068bc782dbf7,true,true,"This document pertains to a professional conduct panel outcome regarding a teacher employed in Middlesbrough, North Yorkshire, England, and references regulations specific to England."
0146c0e0-00a3-4a76-8927-e21067fa3edb,true,true,"This document pertains to various funding and operational matters concerning education, specifically for further education, academies, and local authorities in England, being managed by the Education and Skills Funding Agency (ESFA). As ESFA is an English government body, the updates and information provided within the document apply specifically to England."
047ddbfd-c2c5-412a-9ddf-cff5008b3d24,true,true,"The document pertains to bpha Limited, a registered provider of social housing in the UK, specifically mentioning its operations primarily in the East of England. As it involves regulatory assessments that impact social housing, it applies to England."
0124bdb3-c74f-4b6c-9bf6-4bcc5c7a3800,true,true,"The document specifically discusses social housing sales and demolitions relevant to local authorities and private registered providers in England, indicating that it applies to England."
030935be-2abe-448e-bc43-6d3357d6b104,true,true,"This document pertains to the Department for Environment, Food & Rural Affairs (Defra), which is a UK government department that operates in England and has responsibilities across the UK, including publishing details relevant to its ministers' activities."
035c0418-b2a4-4169-9f94-1a83d37cdc6a,true,true,"This document specifically mentions proposals for regulating private prosecutors within the context of the criminal justice system in England and Wales, indicating its applicability to England."
03f796aa-b095-47cb-8a53-b7034f9a7d80,true,true,"The document outlines statutory targets and delivery plans specifically related to wastewater treatment improvements and phosphorus reduction in England, thus it applies to England."
0487dafa-13fb-4a91-8dfb-2aff1aa88584,true,true,"The document pertains to the Energy Company Obligation (ECO) and Green Deal schemes, which are applicable in England."
01d26f47-69b5-4238-a06b-d143d0eac354,true,true,"This document pertains to updates from the Department for Education (DfE) which operates in England, specifically addressing local authorities and schools regarding educational funding, reporting requirements, and teaching frameworks."
0135565c-1cdb-4549-9f62-376457299282,true,true,"This document pertains to an environmental permit application governed by the Environmental Permitting (England and Wales) Regulations 2016, indicating its applicability to England."
00bdfd0e-687e-4805-ba2c-27bbc512de8a,true,true,"This document pertains to the Dogger Bank Teesside A / Sofia Offshore Wind Farm, which is located off the coast of England and governed by the Planning Act 2008, indicating it applies specifically to England."
04670d3d-3c64-4273-9785-e779accc2d69,true,true,"The document pertains specifically to the Building Safety Remediation in England, providing comprehensive data on buildings over 11 meters in height with unsafe cladding, remediation efforts, and associated programs. Therefore, it is relevant and applicable to England."
033d725e-abd0-44ea-869b-561563f03017,true,true,"This document pertains to an application made to the Environment Agency for a water abstraction licence in Moreton, Dorset, which is located in England."
03e4d912-132e-4dad-98b9-ce90a49ac787,true,true,"The report specifically discusses the performance of businesses and activities regulated by the Environment Agency in England for the years 2024 to 2025, indicating its applicability to England."
017163d7-11a4-4b2c-b411-8c8024abae3a,true,true,"The document pertains to the Capacity Market in Great Britain, a system that encompasses England, Scotland, and Wales. As a crucial element of the UK's electricity supply strategy, it directly impacts England's energy framework and regulatory approach to emerging technologies like Hydrogen to Power."
006259a7-f3a2-46ba-87df-7a97011c8d60,true,true,"The Standards and Testing Agency (STA) operates as part of the Department for Education, which oversees education policy in England. Therefore, the report specifically pertains to educational assessments relevant to England."
044f9e6d-e463-4745-be12-b6cf051a35ee,true,true,"The JETS (Job Entry Targeted Support) scheme was implemented in England and Wales, providing tailored employment support services aimed at helping individuals return to work following the disruption caused by the Covid-19 pandemic. The evaluation and impact results specifically pertain to these areas, confirming its applicability to England."
02087c7f-2cee-4562-91e1-4d9cce907d79,true,true,"This guidance specifically addresses the support available to family members bereaved by murder or manslaughter abroad for residents of England and Wales, highlighting resources, legal processes, and support services exclusive to these nations."
036d14d3-cff1-46e8-8055-3a9c6f68a6ff,true,true,"This document applies to England as it references the Genetically Modified Organisms (Deliberate Release) (Amendment) (England) Regulations 2022, which is specific to English legislation concerning the release and management of genetically modified organisms."
01b6d8ad-9dce-45b6-b85b-59abd09d7a50,true,true,"The document pertains to an environmental permit application by the Environment Agency, which operates in England. As such, it directly applies to England and outlines the consultation process for public involvement in such applications."
01cd6544-a55b-432f-8fcf-53d8ce8282b5,true,true,"This document discusses housing affordability, which is a key issue relevant to both England and Wales. Official statistics related to housing are typically applicable to these areas, reflecting the economic and social conditions affecting residents."
007199f6-67a3-4076-9837-7630f5d2ed49,true,true,"The document pertains to an environmental permit application under regulations specifically applicable in England, as indicated by references to the Environment Agency and the Environmental Permitting (England and Wales) Regulations 2016."
00b25ea9-2617-46db-9eb8-55e69a588579,true,true,"This document pertains to an environmental permit application regulated by the Environment Agency, which operates in England. The application is specifically for a facility located in Castle Donington, Derby, thus it is relevant to England."
01eaf293-51ec-41ff-b3e5-509cb0a1c2a2,true,true,"The toolkit is focused on fire safety practices and resources applicable to Responsible Persons in England, as evidenced by references to specific councils, housing regulatory frameworks, and examples from various councils operating under English law."
017e7026-605a-443e-b2c1-69d8cb65a92c,true,true,"This document pertains specifically to Fire and rescue incident statistics for England, as indicated by the title and content outlining ministerial responsibilities and departments relevant to England."
00647ad5-e63b-4c75-a631-2efa03fb75d7,true,true,This document applies to England as the Department for Work and Pensions (DWP) is a UK government department that primarily operates in England and manages social security and employment services across the UK.
0228f7fd-0760-4dfb-af51-0f89544a91ba,true,true,"This document pertains specifically to England, as it references the Annual Fuel Poverty Statistics Report that exclusively provides insights and analyses of fuel poverty trends at various geographical levels within England. The methodologies discussed rely on data sources and statistical models that focus solely on English households."
0083951d-d860-497c-9aaa-fbfcffe0ab8e,true,true,"This document pertains to an environmental permit issued by the Environment Agency, which operates in England, thus it applies to England."
02d9cf90-d164-4318-b6fc-48c04ff8a42c,true,true,"This document applies to England as it addresses issues related to building safety and cladding regulations, which fall under the jurisdiction of the UK government and its departments responsible for housing and local government specifically in England."
040d1b5e-ae5a-4366-b95a-7bb52b7e7f1a,true,true,"This document specifically outlines a Surrender and Compensation Scheme for 'zombie-style' knives and machetes that applies in both England and Wales, with no mention of provisions for Scotland or Northern Ireland. Therefore, it is applicable to England."
038abc81-ec59-4f4a-a8ca-d9cdb7452d8d,true,true,"This document pertains to St Edward's Catholic Primary School, which is located in Birmingham, England. It involves a decision regarding the variation of admission arrangements, indicating that it is relevant to the educational policies that govern schools in England."
017eb3b4-1d99-4462-9ba1-707a68f1db1b,true,true,"The document specifically presents statistics and analysis related to farm business management practices in England, using data from the Farm Business Survey. As such, it is solely applicable to England and does not encompass other nations within the UK."
024651e3-ef21-49d4-b132-f9bfacbb21e0,true,true,"This document pertains to an environmental permit application regulated by the Environment Agency, which operates in England. Therefore, it specifically applies to England."
024e9a02-b78b-457a-9ffd-0ecc445f692a,true,true,"This document applies to England as it specifically refers to the Environmental Permitting (England and Wales) Regulations 2016 and mentions a location (St Mary Magdalen Church, Oxfordshire) that is situated in England."
047b2692-1340-4014-89cb-ffb092b1a75f,true,true,"This document pertains to an environmental permit application managed by the Environment Agency, which operates under regulations applicable in England. The specified location in Bicester, Oxfordshire clearly indicates that it is relevant to England."
02c4d7d8-262c-469d-a28d-b0080d215601,true,true,The Planning Act 2008 and the associated examination procedures for Nationally Significant Infrastructure Projects (NSIPs) are applicable in England. The guidance specifically outlines processes and regulations that apply to projects taking place within English jurisdiction.
005c1fa4-f086-480e-bfa2-982084d1c972,true,true,"This document specifically updates data related to sexual and reproductive health services, including contraception prescribing in England, and discusses metrics and statistics directly applicable to public health policies and practices within England."
026a3bc5-69a3-4807-9b33-5b5f6e98ed8d,true,true,"This document applies to England as it specifically mentions the Animal and Plant Health Agency (APHA), which operates within the UK, and the location provided for sample submission is in Devon, England."
0278c73f-9770-4924-8b0a-07e74020bcc0,true,true,"This document refers to cervical screening services provided by the NHS, which operates in England. Therefore, it directly applies to England."
032dbe7a-cbd3-4374-9b1a-5c740bcb36b5,true,true,"This document explicitly mentions the Environmental Permitting (England and Wales) Regulations 2016, indicating that it applies to England as well as Wales. The consultation on charges for regulating radioactive substances directly impacts the services provided by the Environment Agency in England."
03cdae79-e9d7-4ac7-8530-a87a7696ab9e,true,true,"The document pertains to guidelines about conflicts of interest for trustees, which are applicable under charity law in England and Wales."
00c0f946-39ee-404b-935f-9537807e5899,true,true,"This document pertains to charity banking in the UK, specifically referencing the Charity Commission and related guidance, which applies to England as well as potentially impacting charities operating across the UK."
04b3f097-f44a-4a6c-b506-824d0337b8b8,true,true,"This document primarily relates to student finance and withdrawal notifications for higher education in the UK, particularly highlighting data from England, as indicated by the mentions of Student Finance England and withdrawal rates specific to domicile categories that include English students. However, it also includes mentions of data from Wales and Northern Ireland, which is relevant for the entire UK context."
045cde53-b9ea-4061-ab54-f4c419128e39,true,true,"This document pertains to rail travel and assistance for disabled persons, which falls under transportation policies applicable in England."
0197d93a-d086-4e6d-9789-70514f254606,true,true,"This document applies to England as it details the introduction of a British Sign Language GCSE, which is being developed by the Department for Education specifically for English schools and students. It references legislation and data pertaining to educational needs and opportunities within the context of the English education system."
04088b16-8bbb-4f48-a2a2-3e64e6eaccfb,true,true,"This document relates to the NHS bowel cancer screening program, which is specific to England. It provides information on participation, eligibility, and procedures for residents registered with a general practitioner in England."
01dc21ee-3cc7-4c92-9d8b-00594d647bee,true,true,"This document pertains to an environmental permit application overseen by the Environment Agency, which regulates environmental matters in England. Therefore, it applies to England, specifically in the context of waste management and related operational permits."
02c5a71d-37cf-4007-9dea-04f0bc2207f0,true,true,"This guidance document specifically addresses local authorities in England regarding the completion of digital forms for the Dedicated Schools Grant (DSG), which is governed by regulations applicable in England. Consequently, it applies to England."
02bb813d-65e5-41e1-857a-b9b581bca30d,true,true,"This document pertains specifically to an environmental permit application under the Environmental Permitting (England and Wales) Regulations 2016, which includes regulations that apply to England."
0220ef93-1149-4c46-94df-4f15b32287b4,true,true,"This document pertains to the Countryside Stewardship scheme, which is a government initiative aimed at supporting farmers and land managers in England to enhance the natural environment. Therefore, it applies specifically to England."
03072fb4-14dd-4bd5-99d4-04c5dea7aeef,true,true,"This document pertains to an environmental permit application by the Environment Agency, which operates in England. Therefore, it applies to England."
02240d74-47f4-47f2-8f60-716e0e1268d2,true,true,The Local Authority Housing Fund is applicable to England as it is aimed at supporting English councils in enhancing their temporary accommodation stock and addressing housing issues within their jurisdictions.
03b2a427-0faf-45a9-9775-262178b73101,true,true,"This document pertains to an environmental permit application regulated by the Environment Agency under the Environmental Permitting (England and Wales) Regulations 2016, indicating its application is specific to England."
04c6e827-cbb2-4082-8fd7-042753f28667,true,true,"The document pertains to smart meter statistics that are relevant to the energy market in Great Britain, which includes England. As a component of the UK's energy infrastructure and regulatory framework, it directly applies to England."
02de42e9-c716-460c-9057-4c932f221f15,true,true,"This guidance specifically mentions the Forestry Commission's processes for Environmental Impact Assessments (EIA) in relation to forest roads and quarries, indicating that it is tailored for applicants in England. It includes references to local regulations and standards applicable in England."
040078b8-c69f-44d3-b684-5a200d2441d8,true,true,"This document relates to environmental permit applications overseen by the Environment Agency, which operates in England. Consequently, it applies to England where such regulatory activities are conducted."
041d204f-947b-4b2d-ae67-ca2573ff0492,true,true,"This document pertains to Southwark Council's WeWalworth project, which is located in England. The initiatives and policies mentioned are specifically designed to address local challenges within the community, thus directly impacting residents in England."
049b708a-f8ac-4dc9-b065-b0dba6cc756c,true,true,"This document outlines the Capital Grants available for land managers in England, as indicated by references to eligibility criteria specific to land parcels entirely within England and the involvement of the Rural Payments Agency (RPA), which operates under Defra in England."
009e0c48-a86a-4d9f-aee6-6ac1ed9e357e,true,true,"This document pertains to an environmental permit application by the Environment Agency, which operates in England. The specific reference to waste and water management regulations falls under English law and environmental governance."
00debca0-9849-44a5-8451-60235654b426,true,true,"This document applies to England as it specifically pertains to the national wheelchair data collection system implemented within NHS services in England, focusing on improving wheelchair services and outcomes for users."
04d74eb6-18a1-4575-8490-9f5465feb0f8,true,true,"This document is applicable to England as it specifically mentions licensing and regulations set by Natural England, which governs wildlife management and related permits in England."
031fab09-90cc-41ec-96e6-ae6053c4a946,true,true,"This document relates to the Environment Agency, which operates in England. It involves the regulation of water abstraction and impoundment, which are specific to environmental management and resource allocation in England."
0157f0e3-a901-42f2-b826-196858b59045,true,true,"This document pertains to an environmental permit application which falls under the jurisdiction of the Environment Agency, responsible for environmental regulation in England. Therefore, it is applicable to England."
0006a98b-b7ab-4981-8ee9-23171e9e3466,true,true,"This document applies to England as it discusses the regulatory judgement of Torus62 Limited, a registered provider of social housing operating within the regions of Liverpool, St Helens, and Warrington, all of which are located in England. The regulatory standards and assessments mentioned are applicable to the governance and viability of social housing providers in the English context."
01c3477a-e7f3-4d5d-9cee-a3d0e03ef9b0,true,true,"This document pertains to water abstraction applications that fall under the jurisdiction of the Environment Agency in England, as it is specifically referenced in relation to public consultation and regulation."
018fedd7-e7d3-43c3-9a7a-f13270342f78,true,true,"This document pertains to an environmental permit application regulated by the Environment Agency, which operates in England. The address specified (SO41 6EQ, Sway, Hampshire) is also located in England, indicating that the application is specific to English regulations."
030f361e-9ac2-4db0-ba4d-554ed829797e,true,true,"The report relates to civil legal aid and highlights data about solicitors and barristers involved in legal aid, which is governed by regulations applicable in England. Therefore, it applies to England."
0296096f-5922-4770-8672-cd18520bd596,true,true,"The document relates specifically to rough sleeping data collected by the Ministry of Housing, Communities and Local Government, which is responsible for housing issues in England. Therefore, the findings and framework detailed are applicable to England."
0253ec29-bb30-4b05-b4ce-0ef30389fae4,true,true,"The English Housing Survey specifically focuses on housing circumstances, quality, and ownership within England, using data and analysis that pertain directly to the housing policies, demographics, and socio-economic factors relevant to England."
000707eb-acc0-437f-93fe-ec886e661151,true,true,"This document pertains to the environmental permit application process regulated by the Environment Agency, which operates in England. Therefore, it applies to England as it outlines the procedures and requirements specific to England’s environmental regulations and public participation. The geographical reference IP16 4UR also indicates a location in England."
0105a02b-7cc7-47f8-8e49-531dbed46529,true,true,"This document specifically refers to the 'Adults' People and Nature Survey for England', indicating its direct application to England. The data and findings presented are based on surveys conducted within this nation."
0292bf4c-f482-46aa-add7-eafded9cc49d,true,true,"This document applies to England as it details a flood storage area in Spitalfields, Windsor, which is located within England's jurisdiction. The involvement of the Environment Agency and local councils further confirms its relevance to English flood management and environmental policies."
023df4e4-db89-4c0f-b0a8-bf7021d24ea5,true,true,"This document specifically addresses funding for mainstream schools and local authorities in England, as indicated by references to the Department for Education and eligibility criteria for funding allocation within English education settings."
039fae6d-f392-46ab-a68a-d6c881e1b6a3,true,true,"This document applies to England as it specifically refers to the NHS 111 and Out of Hours services, which are part of the healthcare system in England. The Integrated Urgent Care (IUC) framework and the associated data collection are primarily managed within the context of the English NHS."
02cca4fe-3abb-404e-8167-ddc047cc8c3d,true,true,"This document pertains specifically to data collected in England as part of the Community Life Survey. It includes statistics, findings, and analyses relevant to the civic engagement and social action of adults living in England, highlighting regional and demographic variations within the country."
03681aff-6512-4cfa-8367-fca4318360a5,true,true,"The document pertains to an environmental permit application under the Environmental Permitting (England and Wales) Regulations 2016, indicating it specifically applies to England."
00ad697c-3165-4d1f-abd2-a9c59e4f42f1,true,true,"This document pertains to various roles and responsibilities within health governance in the UK, specifically relating to health agencies and departments that operate in England. As the UK Health Security Agency and the Department of Health and Social Care are key institutions in England's public health framework, this release is relevant to England."
0006ebeb-c4d8-4e56-928a-69873d74f9fc,true,true,"This report specifically addresses trends and data related to Hepatitis B infections in the South West of England, and it is produced by the UK Health Security Agency (UKHSA), which is responsible for public health in England. Consequently, it directly applies to England."
01e5a4ae-0e07-42f8-b5ea-caef2d1fa0cb,true,false,"The document is in Lithuanian and pertains to cervical screening invitations, which is specific to the National Health Service (NHS) processes. It does not directly apply to England or any UK nation as it is not in English and references health services that might not align with UK practices."
000a8deb-3aba-4a58-92a2-765bfb37125e,true,true,"This document specifically pertains to the budget estimates and financial data related to local authorities, which are responsibilities under the jurisdiction of England."
03485494-08d2-426b-9d93-8d6030a2d2a8,true,true,"The document pertains to teacher misconduct proceedings governed by The Teachers’ Disciplinary (England) Regulations 2012, indicating that it applies specifically to England."
01e05d1e-ccb0-4afc-899c-b9f651f1f98b,true,true,"This document pertains to a development consent order granted under the Planning Act 2008, which is applicable in England. The project involves the construction of a solar farm, indicating that it is subject to planning regulations enforced within England."
0400c368-b600-4253-b2e9-cf5960d70484,true,true,"This document pertains to the Heat Network Technical Assurance Scheme (HNTAS), aimed at establishing standards for heat networks that are applicable in England, reflecting the policies and regulations related to energy infrastructure and building standards."
0258996c-97f7-48d9-9b60-0b502b441cba,true,true,"This document pertains to an environmental permit application under the Environmental Permitting (England and Wales) Regulations 2016, specifically mentioning a facility located in Shrewsbury, England. Therefore, it directly applies to England."
00b0860c-e788-4555-a0b7-1773b6540c4b,true,true,"This document pertains to an environmental permit surrender issued by the Environment Agency, which operates in England. Therefore, it applies specifically to England."
01a9b2f9-4c79-4316-8403-e2eadffbf045,false,false,"This publication specifically pertains to crime data recorded by the police in Northern Ireland, and does not include information or regulations that apply to England."
03f84f23-23c4-4e61-9003-eefce2db9c08,true,true,"This report specifically summarizes the surveillance of COVID-19 and influenza as it relates directly to England, detailing hospital admission rates, vaccination statistics, and other health metrics that are pertinent to public health monitoring within this nation."
04878fe6-0001-443c-9591-b0a7db7eb004,true,true,"This document is relevant to England as it discusses the recruitment of governors and academy trustees specific to schools and academy trusts operating within England's educational framework, including references to initiatives and services that are UK-specific and directed towards English educational institutions."
02543a80-b4bc-4baf-ac8b-a194d2c0711f,true,true,"This document discusses indoor space requirements specific to early years childcare settings governed by the Early Years Foundation Stage (EYFS) framework, which is applicable only in England."
01e925e5-f5e1-4a04-a371-e02fd5b86a49,true,true,"This document outlines the Sustainable Farming Incentive actions available in the Countryside Stewardship Higher Tier, which applies to England as part of its agricultural and environmental policies."
0341bff1-42aa-4a92-9327-0c7491f618e5,true,true,"This document specifically discusses energy use, fuel types, and renewable energy practices among farm businesses in England, as evidenced by the frequent references to English farms, the Farm Business Survey conducted in England, and statistical data that pertains only to the English farming context."
02c7ba37-5b98-4a2e-bd37-1a6dd3fc9e8e,true,true,"The document specifically discusses norovirus and rotavirus laboratory reports and outbreak surveillance in England, indicating that its regulations and data reporting directly apply to England's health system."
045defde-cc95-4d38-beff-05ff14406d4b,true,true,"This document pertains to an environmental permit issued by the Environment Agency, which operates in England. Therefore, it applies specifically to England."
0439ccaf-0357-4790-89dd-2f79ffc82156,true,true,"This report focuses exclusively on norovirus and rotavirus activity in England, including specific data and trends relevant to the population and healthcare settings in England. Therefore, it applies directly to England."
003b96d5-20dd-4fa3-91df-827df2f953b3,true,true,"This document is applicable to England as it pertains to an environmental permit issued by the Environment Agency, which operates in England. The Industrial Emissions Directive (IED) is implemented in England through regulations enforced by the Agency."
01821d76-8ebc-4e40-b192-03aac0fe4a2e,true,true,"This document concerns an environmental permit application regulated by the Environment Agency, which operates in England. Therefore, it applies specifically to England."
0360ccde-8393-41d8-8931-df4c361b83ce,true,true,"This document pertains to a teacher's misconduct in Mitcham, London, which is located in England. The regulations and panels mentioned are part of the system governing teacher conduct specific to England."
0260b69c-5787-46cf-a395-a7a890efbe2d,true,true,"This document pertains to the National Parks and Access to the Countryside Act 1949 and its application to coastal access proposals specifically on the Isle of Wight, which is part of England. The Isle of Wight is under the jurisdiction of UK law as it is, in part, a section of the English coast."
012792bf-a781-4629-923d-7dae51faef4a,true,true,"The National Travel Survey (NTS) specifically focuses on personal travel within Great Britain, and the sample for the mid-year estimates includes households drawn from England, making it applicable to England."
0070f4b2-c94b-4d13-ac79-632f8a4d7f3d,true,true,"The document outlines standards and expectations for registered housing providers, which is relevant to landlord services regulated under UK housing laws, specifically applicable in England. The guidance pertains to tenants in social housing, which falls under the jurisdiction of housing policies implemented in England."
02d05d9d-0b6f-46aa-91ed-c268af1494f6,true,true,"The document provides guidance on the incorporation of charity trustees under the Charities Act 2011, which is applicable in England. This legal framework governs how charities operate and is primarily relevant to English law."
04192b32-124f-4f52-9802-fd38ccd61e33,true,true,"The document pertains to an environmental permit application handled by the Environment Agency, which operates in England. Therefore, it applies specifically to England."
01bfe6d5-221e-4acc-9ae6-1657acb24313,true,true,"This regulatory judgement pertains to Look Ahead Care and Support Limited, which operates across 21 local authority areas in London and the South East of England. Therefore, it directly applies to England, as the information and assessments relate to the governance and financial viability of a provider of social housing in that region."
01658e3b-4ded-4a9c-b352-f2e006f72bc2,true,true,"This document applies to England as it is related to Ofqual, the Office of Qualifications and Examinations Regulation, which is the regulator for qualifications, exams, and assessments in England."
03dacc49-fb2b-4364-8aa7-5b4237dd6f10,true,true,"This document pertains to an environmental permit application for a facility located in Poole, Dorset, which is in England. Therefore, it applies specifically to England as it involves regulations set by the Environment Agency under English law."
00dad4b7-2229-445e-ab74-042b8ef68255,true,true,"The Social Housing Decarbonisation Fund (SHDF) is an initiative implemented by the UK government aimed at improving energy efficiency in social housing, directly impacting the housing sectors across England."
049130eb-510f-4daa-bce9-0e59f86599d1,true,true,"This document pertains to local government structures and proposals for Nottinghamshire and Nottingham, which are located in England. The context of the letter, including references to councils, local government reorganisation, and devolution, confirms its applicability to England specifically."
04efa864-8188-4669-a661-487513dc86fc,true,true,"The document pertains to an environmental permit application governed by the Environmental Permitting (England and Wales) Regulations 2016, indicating its specific relevance to England."
018b8674-b346-46a0-b59b-925cb8387a4c,true,true,"This document applies to England as it pertains to the role of government lawyers and the Attorney General, whose office operates within the UK legal framework primarily associated with England and Wales."
029ebea9-d4de-4f65-8a73-fd2ac28122e2,true,true,"This document pertains to an environmental permit application from the Environment Agency, which operates in England. Therefore, it specifically applies to England."
0417a3f6-afd2-46a8-8ecf-cfb7392a5ea8,true,true,"This document relates to the Environment Agency's regulations, which apply specifically to England, as it governs waste management practices within the jurisdiction of the Environment Agency."
038ab441-08f5-4a93-8aae-ebf75364a01c,true,true,"This document pertains to a primary school in Lincolnshire, which is located in England, and involves variations to admission arrangements approved by the local authority."
0159b959-578e-4522-bd0d-e81eef29dc9b,false,false,This document specifically pertains to court data in Northern Ireland and does not apply to England.
04dae5b2-88b3-49e7-a5a5-2bee56fec1c6,true,true,"This document pertains to an environmental permit issued by the Environment Agency, which operates in England. The actions and regulations regarding industrial emissions are governed under English law, making it applicable solely to England."
01aa5f44-2f1a-4ab4-9a18-f2cc1bf7c57c,true,true,"The document pertains to a teacher in Nottinghamshire, which is located in England. It references regulations specific to England, indicating that the outcome of the misconduct panel applies to the teaching profession within England."
044fe5b9-4813-4a86-8e83-af338066a61f,true,true,"This document pertains to further education and is related to policies and procedures established by the Department for Education (DfE), which oversees educational matters in England."
0100ca4e-d638-48a9-a0e9-13b88dc863d6,true,true,"This document pertains to environmental permitting in relation to waste and water management, which falls under the jurisdiction of the Environment Agency in England, thus making it applicable to England."
031851eb-0b50-41d4-837e-a1c81730c426,true,true,"This document pertains exclusively to Essex, Southend-on-Sea, and Thurrock, which are all located in England. Therefore, it is relevant to local government reorganisation initiatives within the English context."
01c9d9fc-4f77-4726-b50f-6e07a6cf3619,true,true,"This document pertains to Hundred Houses Society Limited, a landlord operating in the East of England and southeast regions, indicating its relevance to the governance and financial viability standards applicable in England."
02d536b7-5470-4f96-a373-d20fbc82481f,true,true,"This document pertains to the 16 to 19 teachers' pension scheme employer contribution grant, which specifically addresses funding allocations and conditions for institutions in England. The funding and regulations involved are managed by the Department for Education, indicating that it applies only to educational settings within England."
03a73723-3943-4f54-9d94-3b7f16a1cacb,true,true,"The document specifically presents data on RSV maternal vaccination coverage among pregnant women in England, indicating it is directly related to healthcare policies and practices within England."
01a71bb9-89f0-462b-8dc5-28b8510e111b,true,true,"This document pertains to an environmental permit issued by the Environment Agency, which operates in England. The Industrial Emissions Directive is implemented in England, making this document relevant to England."
03487b3f-b25e-43ed-bf2d-0c282afe4f4d,true,true,"This document pertains to civil courts and statistics, which fall under the jurisdiction of the Ministry of Justice in England, indicating that it specifically applies to England."
0191d87b-82c7-48b8-9006-ea8cde77b5f5,false,true,"This document details departmental spending, which is a matter of public interest in England, as it concerns government transparency and accountability. Such financial disclosures are typically relevant to all aspects of government operations in England."
02e5c543-73be-4c2f-a69e-a607467d29f4,true,true,"This document pertains to the abstraction of water by Affinity Water Limited, which operates in England. Therefore, it is relevant for public consultation and regulatory compliance within the environmental governance framework of England."
02348936-ebf5-4702-846c-0f0be0e71932,true,true,"This report primarily discusses the implications of building regulations and fire safety specifically in England, particularly following the Grenfell Tower fire and the subsequent regulatory changes. It addresses aspects of the Building Regulations that are unique to England, especially those related to fire safety and compliance for new and existing buildings."
02fc3bc6-a40e-4356-81a5-076d3403adbf,true,false,"This document is written in Welsh and contains financial data relevant primarily to Wales. It may not be applicable across all nations of the UK, as specific financial reports often pertain to local governance and regulations."
02b5afc8-1e5f-453c-8f10-bb016bb6dd16,true,true,"This document provides guidance related to local planning and site identification that is specifically applicable under the Planning and Compulsory Purchase Act 2004, which governs planning in England."
03806ce2-b783-4020-a1fb-776069d1ca70,true,true,"This document applies to England as it references Defra guidelines, which are specific to England's governmental framework related to the export of captive birds and microchip requirements."
04134d3d-7312-4c93-aa6e-62cf20e54396,true,true,"This document specifically addresses the Building Safety Regulator's activities and engagement with residents in England, as highlighted by references to the Building Safety Act 2022 and various initiatives aimed at enhancing building safety for high-rise residential buildings within the region."
0456bda8-7cac-4132-9faa-01080f61bb12,true,true,"This document pertains to the Department for Environment, Food & Rural Affairs (Defra), which is a UK government department responsible for environmental protection, food production, and rural communities across England."
030f205a-89dd-4f80-b2f6-4164d2379b45,true,true,"This document pertains to Ms. Alice Cresswell, a teacher who worked in Milton Keynes, which is located in England. Therefore, the content and regulations mentioned are applicable to England."
04c2d115-1f6a-47c1-9311-d00f2fd78a50,true,true,"This document pertains to the Canal and River Trust's application to abstract water in Derbyshire, which is located in England. It involves the Environment Agency's regulations specific to England regarding water resources."
02277b02-c81d-400b-ac06-9eb0e4ecd54c,true,true,"This document pertains to the health care system and reporting practices in England, specifically related to mental health services and physical health checks, which fall under the responsibility of the National Health Service (NHS) in England."
03ca78b8-18a9-434c-9120-b1c189b4de73,true,true,"This generic risk assessment for non-hazardous waste recycling with specified controls is applicable to England, as it is produced by the Environment Agency, the regulatory body responsible for environmental protection solely in England."
00ad5484-827c-434b-9577-fb11bebf0827,true,true,"The document pertains to the Audit and Risk Assurance Committee of Ofsted, which is an independent office of the UK government responsible for inspecting schools in England. Therefore, it directly relates to operations and oversight relevant to England."
0116a887-7aec-4d73-befc-3edcbfdd4a2c,true,true,"This document pertains to an environmental permit application in Kent, which is located in England. As such, it falls under the regulations applicable to England."
00417bc2-0c87-4c72-b7a9-f269261d14f8,true,true,This document specifically reports on the remediation progress of residential buildings in England with unsafe cladding. The data pertains to several government programs that are directly applicable to England's housing regulations and safety measures.
04ae8d1b-d27c-436d-99e9-111c7b871be1,true,true,"This document applies to England as it outlines specific veterinary and agricultural practices required for cattle health management, which are relevant to UK farming regulations and standards implemented by DEFRA."
02681277-6bc2-4fff-8654-d1b454ea59c3,true,true,"This document pertains to an environmental permit issued by the Environment Agency for an installation in England, specifically for the Portland Energy Recovery Facility operated by Powerfuel Portland Limited, thus it applies to England."
00ac2157-7aa5-4634-a2be-3e37dcff50c0,false,false,"This document specifically concerns regulations and guidance applicable to Northern Ireland following EU regulations, and does not apply to England."
049e07d0-7e7b-4687-8d66-a0436ffe08e2,false,true,"This document applies to England as it relates to energy regulation, specifically the transmission of electricity, which falls under the jurisdiction of the UK's energy policy framework that serves England and other nations."
013ccb39-8159-4945-ad80-2cfeb2c6449c,true,true,"The document pertains to a professional conduct panel regarding a teacher in Worcestershire, which is located in England. Therefore, it specifically applies to England."
03125fca-2dd0-40eb-ad04-e1262743c48e,true,true,"The document focuses on Young Offender Institutions, specifically the processes and standards applicable to education within these facilities in England, as indicated by the involvement of HMPPS and the review by Ofsted."
01840d47-cd10-445f-a618-b2ccca37846a,true,true,"This document pertains to the Department for Education (DfE) in England, specifically concerning post-16 education and funding provisions that are applicable only within England's educational framework."
0198a492-e3c6-41c1-8c40-2ca70138d31e,true,true,"This document pertains to South Cambridgeshire District Council, which is located in England. It addresses local governance and performance issues specific to an English council."
04224b9e-88b0-4a12-9794-4e1264aef06c,true,true,"This guidance relates to NHS continuing healthcare, which is applicable in England. It addresses the needs of individuals with learning disabilities and their carers, specifically within the context of England's healthcare system."
007b39fa-2a88-43f1-b002-61591f77b25d,true,true,"The document contains definitions relevant to student loans and financial aid regulations that apply specifically to England. Terms such as Advanced Learner Loan, Income Contingent Repayment (ICR) Loan, and Tuition Fee Loan all pertain to educational financial products governed by English legislation."
00db0313-33d2-4356-aa11-c1f4ff0c1532,true,true,"This regulatory position statement (RPS 326) applies to England, as it is issued by the Environment Agency, which governs environmental regulation within England. The document outlines the requirements and conditions specific to operators with standard rules permits, impacting waste management practices in England."
02153dcc-bfb8-4fd8-a0c9-16cb295e669e,true,true,"This document applies to England as it specifically relates to the legislation governing business rates retention and the administration of non-domestic rates, which are devolved matters managed by local authorities in England."
004d1153-9e78-41d6-a540-77d6e9d5b1a2,true,true,"The Planning Inspectorate operates within England, dealing with planning applications and appeals, making the contents of this document particularly relevant to England."
040e5c20-0f52-45d1-b146-c4ecf6fb3f2e,true,true,"This document pertains to changes in licensing rules for parallel imports of medicinal products in Great Britain, specifically addressing England, Scotland, and Wales. It outlines new requirements and processes that directly affect the marketing and distribution of medical products in these regions."
043471a3-d4bf-4722-a8c5-c72698cfa723,true,true,"This document pertains to an environmental permit application processed by the Environment Agency, which operates in England and Wales. Given the address specified (Garboldisham, Diss, IP22 2QN) is located in England, this document is applicable to England."
03f79d70-f4ec-4f0f-b9b2-c319b305203d,true,true,"This report focuses on COVID-19, influenza, and other respiratory viruses specifically within the context of surveillance systems used in England, indicating its relevance and applicability solely to England."
040a4f0c-8ce5-46f1-9d68-2f4b53eab448,true,true,"This document pertains to an environmental permit application conducted by Leicester City Council, which is located in England. It specifically addresses regulations under the Environmental Permitting (England and Wales) Regulations 2016, indicating its applicability to England."
00574f32-5f13-4bc6-8cfc-f2d781e91ca1,true,true,"The document pertains to an environmental permit application for a company in England, indicating that the regulations and procedures mentioned apply specifically to England."
0296d7d5-e488-47c0-a387-a26f196db161,true,true,"This document pertains specifically to early years funding in England, detailing the data collection process and funding allocation for local authorities and providers in England for the financial year 2024 to 2025."
001f4b29-ce30-4d49-a84d-6d0ae92a9db6,false,false,The document specifically focuses on the prison population data for Northern Ireland and does not present information relevant to England.
018b6e86-aa2a-4bbd-b1dd-94bcad2d8819,true,true,"This document pertains to an environmental permit application regulated under the Environmental Permitting (England and Wales) Regulations 2016, indicating it specifically applies to England."
006a14eb-3eef-46ec-9aa6-974494abf6c5,false,false,This document specifically pertains to Northern Ireland and does not apply to England.
04480499-13ca-486a-91dc-b4c609c93b7f,true,true,"The document pertains to the Impact Evaluation of the European Social Fund 2014-2020 programme, which is specifically focused on England. Given that it is published by the Department for Work and Pensions and relates directly to labour market support in England, it clearly applies to England."
039d8b1c-e478-41a3-95c9-700558e85328,true,true,"This document specifically discusses local authority capital expenditure and receipts that pertain only to local authorities in England, thus it is applicable to England."
018d219e-df1b-4ea9-ac28-847a6447acb1,true,true,"This technical note applies to England as it outlines the methodologies for calculating funding rates for early years entitlements, which are governed by the Department for Education (DfE) in England and do not extend to Northern Ireland, Scotland, or Wales."
037a5d4d-147b-4de3-bf0c-826ee20bafdf,true,true,"This document relates to an operator and facility located in England, specifically the Worthing Pharmaceutical Manufacturing Facility, making it applicable to England."
03cf7bff-928d-4d9f-a585-edd0b1b24f72,true,true,"This document applies to England as it involves the regulation of insolvency practitioners in the UK, which is overseen by the Insolvency Practitioners Association (IPA) based in England, affecting practices within English insolvency law."
03550f76-4975-461e-b027-d7612dbb8cd5,true,true,"This document specifically pertains to the King Charles III England Coast Path, which is located on the Isle of Wight, and thus directly relates to England."
04c9689c-5360-4ede-b3fc-8c71df2e81e5,true,true,This document applies to England as it specifically addresses measures related to adult social care providers and funding initiatives implemented by local authorities within England.
00d4e16f-b8a5-40f1-abfb-5f58563481e4,true,true,"This document pertains to an environmental permit application regulated by the Environment Agency, which operates in England. Therefore, it is applicable to England as it involves local environmental management and public consultation processes."
045d2c47-27d8-4247-a802-847d39de92b9,true,true,"The document pertains to Civil Justice statistics, which are specifically related to court cases and the justice system in England and Wales, indicating its direct relevance to England."
0107f815-ca21-43d7-a8ab-bc5684740af4,true,true,"This document applies to England as it pertains to the Environment Agency's consultation process for environmental permit applications, which is specific to England's regulations."
02486a0c-e7fa-49a0-8586-62f92ba2990f,true,true,"The document specifies that laboratories in England have a statutory duty to notify the UK Health Security Agency about the identification of certain causative agents, indicating it applies specifically to England."
0033e1f0-6c6a-4026-9036-2daf9ed3f6a1,true,true,"This document pertains to an environmental permit application under the Environmental Permitting (England and Wales) Regulations 2016, indicating that it applies to England, specifically the area of Luton, which is in England."
0298f7d0-2205-4851-884d-8f6c73f8ec96,true,true,"This document relates to an environmental permit application submitted under the Environmental Permitting (England and Wales) Regulations 2016, explicitly indicating its applicability to England."
0024179c-321d-4ddb-b7fb-4f7ec2a84dc3,true,true,"This document relates to an environmental permit application that is managed by the Environment Agency, which operates in England. Therefore, it applies specifically to England."
02b4f70b-d651-427c-a5bc-6b91513b6332,true,true,"The document specifically mentions statistics related to roadside breath tests and motoring offences conducted by police in England and Wales, indicating its relevance to England."
00d09810-c7e1-4190-8e18-5e9d1a1e7c11,true,true,"The document specifically discusses collection rates for Council Tax and non-domestic rates, which are financial responsibilities of local authorities in England."
018e0689-b972-4bb8-a26d-de8e9537a967,true,true,"This document applies to England as it relates specifically to the water quality monitoring of rivers and estuaries in the Somerset South and West management catchment, directly governed by the Environment Agency under English legislation."
01e4b719-6ed4-45cf-95a9-8dbd93c986be,true,true,"This document pertains to a primary school in Brighton and Hove, which is located in England. Therefore, it is applicable to the nation of England as it involves local authority admission arrangements."
04527076-044f-42a6-b307-7750fceee136,true,true,"This document applies to England as the Community Accommodation Service Tier 3 (CAS3) is a program launched by HM Prison and Probation Service (HMPPS), which operates within the English legal and correctional system."
025f9294-117d-44d8-86b2-17f03ee1e6b8,true,true,"This document contains statistics specifically related to the stock of domestic properties and Council Tax bands in England and Wales, explicitly indicating that the data does not cover Scotland and Northern Ireland. Therefore, it applies to England."
0328067b-6342-4130-821f-d8ba6b5f0462,true,true,"The document pertains to cervical screening information provided by the NHS, which operates in England. Therefore, it specifically applies to England, as it follows the health guidelines and procedures established by the NHS for this nation."
00c3b6cb-1dc9-4d53-b758-adafe9cc011c,true,true,"The document pertains to statistics and reports released by the Ministry of Justice, which applies to England's Criminal Justice System."
02d30d86-bf99-40d9-9ab9-e9ef5bae54f6,true,true,"The Local Growth Fund and Getting Building Fund primarily operate within England, focusing on initiatives to enhance local economies across various regions. This evaluation is relevant to England as it assesses the processes involved in these national funding programs."
02c5e740-e820-4f56-b7f6-0c744a301f70,true,true,"This document relates to an environmental permit application that falls under the jurisdiction of the Environment Agency, which operates in England. Therefore, the content and procedures detailed in the notice apply specifically to England."
03ff3fa3-f245-4ee0-a34d-fdbde877c97b,true,true,"This document provides epidemiological data and analysis of enteric fever cases specifically reported in England, Wales and Northern Ireland for the year 2023. It details case definitions, data sources, trends, and geographical distribution which directly relate to public health in England."
01323830-2fc3-4c68-85c8-d2ac786df5a6,true,true,"This document pertains to the Education and Skills Funding Agency (ESFA), which operates in England and focuses on funding and qualifications for further education, specifically the 16 to 19 tuition fund and related teaching initiatives."
